1.000000	-0.093274	0.111907	-0.034299	-0.111883	-0.069281	0.066239	-0.047477	-0.006882	0.045717	-1.393526	0.075296	-0.092936	-0.063582	0.130323	0.010101	0.046701	-0.121120	-0.043386	-0.000145	-0.000575	0.045469	0.280060	0.085659	0.075490	-0.221797	-0.066126	0.063061	-0.115633	0.008481	-0.018176	-0.041519	0.230897	-0.224710	-0.048085	-0.891910	0.163935	-0.062023	-0.006234	-0.117536	-0.005597	-0.013346	-0.179644	-0.042737	0.065803	0.148535	0.105505	0.230512	0.130291	-0.061074	0.071009	0.102726	-0.128992	0.078792	-0.092671	-0.138592	0.161476	-0.013481	0.182960	0.183283	0.020487	0.159309	-0.060955	0.128005	0.140242	-0.102317	-0.257988	0.090834	0.055873	-0.044219	-0.023784	0.055277	-0.034466	-0.011989	0.148468	-0.037611	-0.015311	0.092970	0.111332	-0.146145	-0.088897	-0.135344	0.046921	0.204458	-0.026342	0.093264	0.030654	-0.134181	0.211023	-0.010048	0.098891	-0.145517	0.099566	-0.183188	-0.171435	-0.026605	-0.003352	-0.163788	-0.024689	0.018431	-0.223554	0.026679	0.025546	-0.067242	-0.056621	-0.036650	-0.023050	0.132068	0.090370	-0.093288	0.120842	0.001851	-0.097125	-0.082518	-0.247183	0.097547	0.070484	-0.097772	0.059263	0.048654	-0.200258	-0.097435	-0.104734	0.057484	0.131661	-0.053065	-0.106223	0.131010	0.162482	0.037935	0.074039	0.091933	0.092490	0.113068	0.000664	-0.085153	-0.015538	-0.028365	0.032648	-0.080844	0.135906	-0.036630	0.098747	0.039175	0.171372	-0.319578	-0.067240	0.018335	-0.001577	-0.098189	0.004753	-0.012330	-0.027140	0.094193	0.009961	0.173307	0.027778	-0.091514	-0.017064	0.076946	-0.076302	0.097239	-0.127306	0.016091	-0.030907	-0.017084	0.134385	0.048730	0.094492	0.103456	0.050277	-0.009934	0.082144	-0.465142	-0.002343	-0.060963	-0.005844	-0.071268	0.063524	0.070017	0.151214	0.100789	0.063980	0.138193	-0.047668	0.012938	-0.050914	0.043858	0.126298	0.079236	0.028013	-0.040986	0.142523	0.024665	-0.096770	-0.046799	-0.086169	-0.070164	-0.025926	0.008185	-0.077181	0.970649	-0.093993	0.061889	0.092584	0.072855	-0.032723	0.019953	0.070360	-0.064789	-0.167639	-0.159643	-0.074506	0.009544	0.021901	0.024110	0.097539	0.091502	-0.006927	0.058657	0.026441	0.196387	-0.030804	-0.187809	0.076422	-0.059156	0.030945	0.133199	0.090699	-0.015433	-0.072592	0.002942	-0.002499	-0.047096	-0.153950	0.107994	0.128811	0.028900	0.054407	-0.181714	-0.011105	-0.016194	0.002168	0.220279	0.095546	-0.499398	-0.037064	0.122964	0.027689	-0.035103	-0.096080	0.128524	-0.109559	-0.036327	0.041165	0.298089	0.074039	-0.048033	-0.139262	0.103942	0.021057	-0.003837	-0.191394	0.042736	0.002396	-0.030381	-0.004977	-0.045066	-0.076596	0.139678	0.077909	-0.074103	-0.145991	0.109722	0.090162	0.015778	0.055342	-1.796382	-0.004446	0.223264	0.015427	-0.195635	0.026158	0.002412	-0.077311	-0.051846	0.211096	0.022040	0.104349	-0.029969	-0.066033	0.016773	-0.175642	-0.004978	0.039207	0.098209	-0.058012	0.078745	-0.144279	-0.111923	0.115083
0.000000	-0.091205	0.074260	-0.045569	-0.112001	-0.115530	0.049200	-0.007249	0.053958	0.034790	-1.388114	0.027393	-0.098748	-0.107710	0.158189	0.014149	0.046949	-0.095321	0.006553	-0.040911	-0.055227	0.005282	0.183216	0.210712	0.046745	-0.137386	0.009242	0.079282	-0.038518	-0.000332	-0.018721	-0.049227	0.214962	-0.176083	0.030427	-0.793114	0.144516	-0.028561	-0.016516	-0.094730	-0.057708	0.013127	-0.137675	-0.027814	0.096350	0.064998	0.092358	0.174187	0.127923	-0.140550	0.079693	0.071808	-0.117785	0.077774	-0.029423	-0.129114	0.225126	-0.034945	0.091729	0.075956	0.005610	0.051697	-0.091033	0.213323	0.059478	-0.060364	-0.238234	0.102769	0.045769	0.036606	-0.011433	0.070243	0.022532	0.033912	0.038464	-0.071095	0.029357	0.105376	0.111183	-0.102645	-0.102752	-0.096463	-0.025041	0.133596	0.021038	0.035064	0.018782	-0.136187	0.161004	-0.031789	0.073888	-0.152828	0.109323	-0.186017	-0.168427	0.008112	0.047030	-0.211416	-0.000341	-0.024581	-0.167428	0.067142	-0.028671	-0.096248	-0.048421	-0.089427	-0.041965	0.084826	0.108228	-0.140021	0.038301	-0.021126	-0.088688	-0.091463	-0.196851	0.075296	0.057738	-0.107357	0.063947	0.038925	-0.157048	-0.047314	-0.095639	0.150586	0.155643	-0.071266	-0.042016	0.095176	0.180040	0.072048	0.086785	0.076912	0.119508	0.111796	0.053774	-0.098379	-0.029495	0.019431	-0.005206	-0.039722	0.214125	-0.020622	0.077337	0.063007	0.040100	-0.297103	-0.058193	0.006909	0.082212	-0.032906	0.009926	-0.013634	0.002011	0.109689	-0.048513	0.191154	-0.052880	-0.102460	-0.079724	0.037602	-0.132262	0.112979	-0.129883	0.013965	-0.101903	-0.014956	0.169221	-0.009322	0.046380	0.063882	0.108346	0.084552	0.049269	-0.483537	0.046495	-0.089365	-0.020395	-0.029155	0.029951	0.033559	0.168891	0.059407	0.023131	0.106391	-0.011914	-0.094403	0.011596	0.055150	0.076702	0.068939	0.016589	-0.060842	0.211561	-0.056554	-0.059452	0.042490	-0.130298	-0.056397	0.002919	0.061055	-0.069607	0.743333	-0.041935	0.109035	0.088862	0.005067	-0.000344	0.017329	0.084512	-0.087005	-0.188341	-0.108502	-0.058194	0.018058	0.059056	-0.028316	0.102567	0.105766	0.092518	-0.037944	0.087200	0.179499	-0.049183	-0.166882	0.028802	-0.035510	-0.102087	0.076697	0.065764	-0.035427	-0.065651	0.060547	0.074759	-0.018112	-0.089524	0.109810	0.133029	0.066488	0.031107	-0.177508	0.080639	-0.024050	0.016231	0.237884	0.089325	-0.538798	-0.037317	0.158264	0.025868	-0.074007	-0.053346	0.150351	-0.096282	-0.017915	0.037598	0.230533	0.061575	-0.102704	-0.041323	0.076963	0.050557	0.045766	-0.163156	-0.006322	-0.066725	-0.004874	0.023815	-0.054280	-0.124054	0.128357	0.051763	-0.015882	-0.028058	0.056355	0.088706	0.024152	0.070470	-1.718779	0.007088	0.199930	-0.011639	-0.139756	-0.005718	0.073490	0.089231	-0.043000	0.127536	0.120176	0.088304	-0.024288	-0.013084	-0.020020	-0.147873	0.042277	-0.027469	0.094400	-0.017542	0.042114	-0.219669	-0.072136	0.035421
0.000000	-0.058265	0.146203	0.001048	-0.114519	-0.085418	-0.020491	-0.090808	0.027427	0.026119	-1.432872	0.067540	-0.007275	-0.097924	0.196958	-0.006671	0.105758	-0.121573	0.008191	-0.029478	-0.013032	0.016673	0.222904	0.155903	0.053899	-0.236973	-0.073238	0.013854	-0.127880	-0.054319	-0.021462	-0.093697	0.271840	-0.222341	0.038825	-0.824236	0.149923	-0.066198	0.024811	-0.041623	0.045555	0.032962	-0.164693	-0.036570	0.091776	0.124834	0.114900	0.176158	0.136767	-0.117667	0.093637	0.043275	-0.128641	0.067236	0.004474	-0.150710	0.159161	-0.014770	0.177388	0.177095	-0.017325	0.112347	-0.049491	0.216324	0.071980	-0.136481	-0.315139	0.063420	0.011997	-0.006529	-0.037110	0.098192	0.058120	-0.000667	0.062137	-0.101288	-0.003261	0.188490	0.122056	-0.216825	-0.021413	-0.156399	-0.012620	0.176285	0.073456	0.101028	0.023504	-0.136735	0.165860	0.021598	0.044595	-0.156433	0.130832	-0.195595	-0.109556	-0.028144	0.055365	-0.236705	0.049017	-0.047926	-0.185566	0.055356	-0.005587	0.009666	-0.129484	-0.061738	-0.034363	0.066328	0.133293	-0.160958	0.150910	0.010695	-0.057299	-0.094892	-0.253591	0.097107	0.062664	-0.126528	-0.009183	0.055772	-0.186275	-0.066269	-0.107986	0.114633	0.106999	-0.079987	-0.050257	0.050127	0.160552	0.031835	0.180493	0.069851	0.153549	0.072511	-0.009872	-0.060341	0.002339	-0.006726	0.002749	-0.065421	0.190347	-0.057042	0.172549	0.011953	0.079642	-0.337064	-0.041385	0.046169	0.031328	-0.094452	-0.006243	0.042096	-0.015770	0.100626	0.033460	0.185587	-0.033530	-0.100195	-0.076968	0.085784	-0.055997	0.129220	-0.126340	-0.036864	-0.036721	-0.003373	0.105707	-0.027780	0.106032	0.099834	0.036281	0.048229	-0.010847	-0.479816	-0.014037	-0.017208	0.038743	-0.061365	0.034501	0.086217	0.177435	0.142620	0.147635	0.146624	-0.040842	-0.023431	-0.093496	-0.093672	0.083126	0.061106	0.088813	-0.060031	0.188685	0.012020	-0.106054	-0.015623	-0.117863	-0.093449	0.004063	0.005528	-0.091821	0.889379	-0.090237	0.112849	0.057193	0.074110	0.052840	0.032573	0.084506	-0.025006	-0.128674	-0.054826	-0.023507	0.082210	0.032926	0.075505	0.037883	0.087155	-0.059064	0.015968	0.053040	0.239650	-0.061424	-0.197931	0.028267	0.007973	0.009066	0.119835	-0.031363	-0.010827	-0.030066	0.017699	0.014994	-0.061847	-0.101351	0.102464	0.128152	0.082384	0.024568	-0.114578	0.096672	-0.007142	0.001554	0.221849	0.056212	-0.528038	-0.046422	0.128363	-0.018506	-0.031185	-0.094574	0.108091	-0.123692	-0.064159	0.055892	0.315681	0.074418	-0.079637	-0.083299	0.074431	0.041977	-0.056578	-0.103909	0.014244	0.001736	-0.058800	0.013949	-0.040118	-0.042236	0.101185	0.065671	-0.071702	-0.161516	0.080333	0.158043	0.068103	0.078518	-1.733774	-0.012828	0.188045	0.041937	-0.147346	0.005510	0.017140	-0.001130	-0.050057	0.154233	0.028183	0.066577	-0.017779	-0.005133	0.029315	-0.148844	0.025258	0.006024	0.080879	-0.040432	0.097930	-0.244673	-0.115989	0.082431
1.000000	-0.107963	0.099232	-0.065972	-0.144636	-0.113057	0.059630	-0.042345	0.048153	0.096066	-1.417824	0.078296	-0.022643	-0.079600	0.215632	0.063646	0.129672	-0.179724	0.032650	0.021981	-0.042902	-0.023044	0.225158	0.138952	0.099768	-0.199404	-0.038742	0.080304	-0.143585	-0.076060	0.065494	-0.025114	0.191418	-0.169190	0.125559	-0.956643	0.100571	-0.007675	0.065786	-0.049459	0.070469	0.021396	-0.121920	-0.034152	0.075557	0.116679	0.129668	0.231026	0.073036	-0.125859	0.080460	0.043775	-0.077633	0.028036	-0.104520	-0.128345	0.191931	-0.044296	0.154260	0.199551	-0.031884	0.114841	-0.041363	0.199458	0.017432	-0.083075	-0.341503	0.152135	0.013014	0.037392	-0.031233	0.039569	0.019262	-0.043097	0.057434	-0.050368	0.009787	0.095479	0.129219	-0.113469	-0.075619	-0.091837	-0.093184	0.148385	0.021009	0.067052	0.000515	-0.152813	0.109138	0.045764	0.104721	-0.067697	0.128543	-0.238783	-0.132913	0.004474	0.041637	-0.198153	-0.068463	-0.012960	-0.300409	0.007202	0.057045	-0.058649	-0.079582	-0.064783	-0.020068	0.139693	0.050236	-0.192462	0.037302	-0.062623	-0.121496	-0.083902	-0.157619	0.089845	0.113823	-0.129193	0.040659	0.015975	-0.252188	-0.086806	-0.074502	0.092296	0.102064	-0.066650	-0.048809	0.066057	0.126849	0.043655	0.035009	0.030236	0.168896	0.074549	-0.043142	-0.090339	-0.018375	-0.004003	0.002063	0.003891	0.182108	-0.146330	0.104288	0.077115	0.085099	-0.358804	-0.032202	0.022713	0.045890	-0.084764	0.016948	0.176282	-0.047524	0.036408	0.012098	0.236242	-0.002842	-0.048201	-0.020024	0.098339	-0.053166	0.079137	-0.171559	-0.006648	-0.079280	-0.001635	0.143547	-0.059020	0.121524	0.089562	0.083419	0.035648	0.003454	-0.454487	0.021505	-0.041960	0.011509	-0.089820	0.111669	-0.014124	0.210576	0.099467	0.101057	0.160542	0.001976	-0.033033	-0.044729	-0.027111	0.056942	0.058180	0.095155	0.004188	0.115539	0.001040	-0.084537	0.025348	-0.140694	-0.116326	-0.001157	0.011266	-0.024947	0.983038	-0.038700	0.026156	0.049338	0.087799	0.003687	-0.066543	0.073495	-0.063068	-0.137938	-0.083887	-0.000593	0.034142	0.015404	0.091148	0.040730	0.078037	-0.027277	0.026269	0.043277	0.295107	-0.071857	-0.145300	0.046244	-0.051210	0.047772	0.098475	-0.077861	0.028925	-0.022009	0.024141	0.008067	-0.017344	-0.221491	0.201215	0.119212	0.032988	0.062069	-0.111538	0.116393	0.006252	0.079903	0.182321	0.132618	-0.502565	-0.086979	0.129808	-0.010476	-0.007905	0.026585	0.081727	-0.171648	-0.019200	-0.004216	0.307480	0.071027	-0.032676	-0.116696	0.077312	0.093095	-0.047337	-0.104723	0.112247	0.048643	-0.074141	-0.049939	-0.061028	-0.061104	0.140484	0.042593	-0.033638	-0.216225	0.061451	0.062582	0.043063	0.097151	-1.935592	0.038004	0.257002	0.087445	-0.192634	0.010960	0.065789	-0.013859	-0.070942	0.166875	-0.107835	0.138389	-0.072797	-0.066037	0.019066	-0.147730	-0.101629	0.082245	0.098135	0.115635	0.066113	-0.190357	-0.108275	0.077033
1.000000	-0.128321	0.160379	-0.033795	-0.119159	-0.115905	0.046210	0.002116	0.075554	0.067576	-1.476486	0.081892	-0.091846	-0.100787	0.162822	-0.014366	0.091870	-0.213300	-0.004472	0.006697	-0.032893	0.054960	0.277389	0.147819	0.050974	-0.222145	-0.000921	0.034271	-0.108232	-0.044587	0.022636	-0.027689	0.261624	-0.300848	-0.061313	-0.847543	0.163255	-0.003620	-0.031624	-0.107532	-0.013236	0.009185	-0.155295	-0.104193	0.058722	0.070868	0.066076	0.204341	0.051301	-0.114038	0.050805	0.073882	-0.102970	0.040151	-0.083416	-0.104251	0.210038	-0.068093	0.134081	0.135803	-0.009584	0.161112	-0.004823	0.213855	0.130565	-0.068890	-0.282402	0.093627	0.052801	0.046687	0.008915	0.032740	0.037635	-0.002627	0.109290	-0.069994	0.002456	0.141559	0.144253	-0.184080	-0.068494	-0.120113	-0.017988	0.180590	-0.015638	0.073977	0.026508	-0.149749	0.191713	-0.003403	0.093655	-0.179082	0.202553	-0.214268	-0.199915	0.038924	0.079922	-0.243986	0.038957	0.005225	-0.291609	0.026599	-0.009715	-0.063154	-0.090167	-0.124074	0.005717	0.115080	0.090841	-0.186352	0.113875	-0.033214	-0.129916	-0.094991	-0.244038	0.096616	0.128340	-0.142314	0.106627	0.029832	-0.179359	-0.040764	-0.149578	0.099009	0.179595	-0.016382	-0.080448	0.146772	0.142472	0.042825	0.084020	0.070050	0.105859	0.120775	-0.002946	-0.089987	-0.036563	-0.032544	-0.019483	0.027781	0.141180	-0.080694	0.166866	0.025578	0.096695	-0.339408	-0.105872	-0.045914	0.018184	-0.077341	0.059399	-0.043724	-0.038166	0.054944	-0.023292	0.206819	-0.025536	-0.050284	-0.076739	0.069196	-0.040846	0.102178	-0.155770	-0.022229	-0.093417	-0.024050	0.139659	0.021395	0.098995	0.037580	0.071037	0.031701	0.070869	-0.476203	0.052565	-0.045623	-0.002006	-0.121170	0.062529	0.051618	0.132276	0.094337	0.044245	0.153236	-0.044107	-0.007929	-0.038490	0.021131	0.059257	0.084255	0.086823	0.007280	0.149542	0.035485	-0.049111	0.009580	-0.099831	-0.040757	-0.013634	0.036460	-0.072367	0.913905	-0.076658	0.081176	0.023978	0.058689	0.005622	0.013475	0.054620	-0.049835	-0.189807	-0.112294	-0.062257	0.093220	0.040594	0.003883	0.084131	0.140409	0.044401	-0.073521	-0.011645	0.170327	-0.026388	-0.158936	0.049891	-0.004944	-0.065608	0.137600	0.095557	-0.061666	-0.055675	0.036540	0.026061	0.039946	-0.149990	0.081073	0.131240	0.044104	-0.000269	-0.134722	0.105301	-0.003703	0.015550	0.266412	0.093887	-0.582136	-0.098777	0.134466	0.073514	-0.023414	-0.094918	0.089696	-0.132859	-0.111674	-0.011336	0.211090	0.043115	-0.052220	-0.147664	0.063230	0.014291	0.002806	-0.174755	0.073337	0.035663	-0.016132	0.003402	-0.022927	-0.039192	0.150577	0.135031	-0.042026	-0.082366	0.032087	0.126829	-0.001373	0.092601	-1.805368	-0.012187	0.189398	0.060640	-0.152103	0.014924	0.008700	0.005332	-0.089431	0.149635	0.013946	0.088082	-0.038396	-0.059759	-0.028931	-0.192388	0.016812	0.055036	0.089271	-0.043173	0.073492	-0.215982	-0.094133	0.071943
0.000000	-0.106608	0.089335	-0.067699	-0.149582	-0.074085	-0.011275	-0.030407	0.025875	0.027460	-1.504216	0.097392	-0.052651	-0.095763	0.144693	0.015799	0.039554	-0.112385	-0.020358	-0.021963	-0.027061	0.034996	0.235305	0.166005	0.022150	-0.251165	-0.075690	0.041211	-0.084422	0.005542	-0.005511	0.002649	0.223572	-0.207989	0.009009	-0.974365	0.079894	-0.044618	-0.011009	-0.035420	0.011015	-0.002612	-0.183178	-0.113947	0.059220	0.060106	0.048362	0.182719	0.088922	-0.107933	0.085205	0.077275	-0.178837	0.025315	-0.060551	-0.152927	0.277052	0.034758	0.161954	0.171373	0.003741	0.149010	-0.020028	0.143608	0.099019	-0.096351	-0.325034	0.074273	0.022981	0.049443	-0.053793	0.057952	0.026760	-0.010001	0.191059	-0.001684	-0.030097	0.111303	0.121393	-0.181954	-0.091130	-0.177189	0.009369	0.203933	0.006080	0.105342	0.070316	-0.107148	0.192559	0.071707	0.101633	-0.165776	0.171855	-0.214443	-0.187490	0.006647	0.054934	-0.235734	-0.017722	0.013964	-0.259389	0.049258	-0.016474	-0.076147	-0.024411	-0.071587	-0.059890	0.125845	0.110421	-0.153887	0.154450	-0.029290	-0.114988	-0.113066	-0.232403	0.079378	0.137777	-0.070692	0.011556	0.046010	-0.211159	-0.062922	-0.109754	0.104299	0.117992	-0.029106	-0.052181	0.064709	0.121478	0.038955	0.056118	0.118623	0.070888	0.081499	-0.010326	-0.083368	0.011466	-0.025557	-0.079330	-0.009407	0.140278	-0.098935	0.136374	0.060790	0.131358	-0.351984	-0.074400	0.018407	0.079919	-0.050706	0.038673	0.030701	-0.057468	0.067404	0.006767	0.205594	-0.020379	-0.068796	-0.056843	0.126981	-0.078071	0.070001	-0.199150	-0.012863	-0.039311	-0.014258	0.142902	-0.018776	0.169691	0.053439	0.093255	0.027275	0.080160	-0.457218	-0.008627	-0.042730	-0.004078	-0.058856	0.067260	0.041063	0.290574	0.080683	0.096538	0.161634	-0.048988	-0.020165	-0.035593	-0.092464	0.143171	0.101053	0.100099	-0.030795	0.101471	0.050571	-0.091978	-0.015094	-0.147160	-0.064562	0.024679	-0.013367	-0.152483	1.003562	-0.067182	0.079808	0.055781	0.072180	-0.012560	-0.006705	0.062385	-0.058996	-0.203311	-0.120982	-0.074886	0.065923	0.048469	-0.011927	0.049170	0.048010	0.033312	0.003318	-0.006157	0.225493	-0.030167	-0.172837	0.077961	0.051414	-0.014767	0.144059	-0.029246	-0.057361	-0.021994	0.018444	0.027696	0.002485	-0.167164	0.063549	0.110158	0.075583	0.035394	-0.058496	0.087633	-0.008844	0.033327	0.204008	0.113825	-0.481104	-0.013752	0.119160	0.027478	-0.044129	-0.017286	0.080417	-0.138164	-0.082866	0.019219	0.316948	0.039426	-0.020570	-0.096677	0.069092	-0.000339	-0.030252	-0.156827	-0.000690	0.049077	-0.054448	0.036605	-0.026778	-0.043757	0.109418	0.137148	-0.003761	-0.141011	0.104498	0.062925	0.062444	0.048854	-1.840101	-0.042552	0.281769	0.048372	-0.187172	0.000549	0.029754	-0.034528	-0.085017	0.122404	-0.011878	0.120833	-0.064423	-0.048063	-0.027915	-0.191311	-0.030891	0.003618	0.107440	-0.052243	0.059491	-0.235029	-0.092531	0.109717
0.000000	-0.103564	0.150647	-0.010272	-0.164582	-0.048232	0.005503	-0.022793	0.048013	0.077741	-1.498170	0.062531	-0.099473	-0.030827	0.129120	0.086611	0.109248	-0.135893	-0.009557	-0.025922	-0.099229	-0.011573	0.225189	0.174114	0.078029	-0.214019	-0.016799	0.017343	-0.017632	-0.100907	0.030386	-0.035327	0.221907	-0.161004	0.086228	-0.770075	0.121694	-0.063282	-0.062725	-0.040485	-0.039903	-0.004477	-0.162591	-0.058065	0.128696	0.128466	0.084932	0.156349	0.136228	-0.124311	0.004427	0.083381	-0.171118	0.093768	-0.090394	-0.106667	0.174913	-0.017173	0.202769	0.129970	-0.050008	0.075621	-0.008520	0.286368	0.119505	-0.071735	-0.321592	0.052928	0.010893	0.045281	-0.013325	0.069632	0.027521	0.022290	0.066361	-0.034766	0.002663	0.134199	0.091688	-0.172430	-0.040611	-0.126188	-0.004500	0.096089	0.042083	0.072286	0.027869	-0.128178	0.179618	0.034881	0.039696	-0.208761	0.134613	-0.124072	-0.149547	-0.000199	0.035211	-0.215991	0.016930	0.033898	-0.257591	0.084517	0.006107	-0.043439	-0.042532	-0.065227	-0.006568	0.086194	0.043195	-0.120886	0.202204	-0.037821	-0.099930	-0.123777	-0.172377	0.145185	0.072617	-0.081272	0.032293	0.033146	-0.173560	-0.067268	-0.038360	0.070534	0.055888	-0.046522	-0.051324	0.080902	0.133454	0.087984	0.078181	0.125100	0.138429	0.154935	-0.017020	-0.052009	0.020565	0.040736	-0.025258	-0.057399	0.170992	-0.018633	0.096724	-0.021442	0.087175	-0.302886	-0.077238	0.022134	0.085358	-0.133248	0.056373	0.106664	-0.035390	0.115317	-0.022113	0.195643	0.032430	-0.107265	-0.036392	0.082448	-0.086183	0.178038	-0.102970	0.082061	-0.090053	-0.011988	0.073738	-0.039165	0.119092	0.040203	0.063706	-0.014508	0.035093	-0.507998	0.016402	-0.149449	0.011135	-0.098139	0.053549	0.028399	0.229824	0.086731	0.106949	0.111442	0.041485	-0.035947	-0.042639	-0.075573	0.101268	0.128038	0.096123	-0.070967	0.133959	-0.067042	-0.070111	-0.007262	-0.032226	-0.084406	-0.045075	0.044389	-0.057017	0.875765	-0.078084	0.077865	0.012104	0.044782	0.038818	0.040726	0.048817	-0.047004	-0.144780	-0.100155	-0.008043	0.098588	-0.017107	0.041251	0.103918	0.072282	0.021153	-0.057728	0.071852	0.193485	-0.072954	-0.183259	0.021275	-0.034176	0.001240	0.091311	0.035430	-0.040014	-0.043380	0.034621	0.036352	-0.034459	-0.065988	0.075147	0.109341	0.074226	0.088437	-0.124038	0.095853	-0.021519	0.036364	0.283682	0.068490	-0.563595	-0.033889	0.172580	-0.000446	-0.079276	-0.050384	0.078542	-0.114246	-0.065505	0.039501	0.312833	0.031204	-0.098205	-0.088324	0.068413	0.010409	-0.034320	-0.147642	0.025443	-0.031300	-0.066501	0.013188	-0.054890	0.003107	0.118702	0.072011	-0.004194	-0.116602	0.096810	0.089052	0.016541	0.077036	-1.875218	-0.034273	0.293192	0.121050	-0.179627	0.048665	-0.003291	0.034725	-0.120473	0.127861	0.030647	0.063420	-0.019551	0.015776	0.006179	-0.207632	0.036806	0.023705	0.076431	0.042746	0.057014	-0.213330	-0.137169	0.093338
1.000000	-0.096844	0.115340	-0.022242	-0.084392	-0.068021	0.006566	-0.063826	0.013116	0.041414	-1.279314	0.095831	-0.073065	-0.056083	0.202332	-0.038027	0.124561	-0.114592	0.041128	-0.025927	0.095765	0.104837	0.274011	0.049324	0.069430	-0.207511	-0.105252	-0.005822	-0.120953	-0.030231	-0.064598	-0.088903	0.188438	-0.195154	0.045104	-0.887734	0.205559	-0.077197	0.050065	-0.122298	0.028109	0.019766	-0.181331	-0.028824	0.029237	0.147366	0.130354	0.317866	0.159139	-0.026418	0.065348	0.046069	-0.100564	0.071895	-0.048282	-0.207667	0.227327	0.049041	0.185491	0.183404	-0.049654	0.193361	-0.024833	0.096162	0.089110	-0.063196	-0.272052	0.023276	0.039850	-0.015862	-0.048716	0.028376	-0.022229	-0.027044	0.156833	-0.068421	-0.040846	0.133994	0.128521	-0.178908	-0.091802	-0.127162	0.058130	0.269167	-0.074988	0.084087	0.026517	-0.157317	0.122962	0.017042	0.013099	-0.095994	0.124231	-0.195524	-0.178251	-0.027807	0.013152	-0.155314	-0.013333	-0.025501	-0.157119	-0.014607	-0.056614	-0.026658	-0.147597	-0.029448	-0.018176	0.123417	0.112906	-0.181677	0.079757	0.027135	-0.055575	-0.065598	-0.271536	0.078974	0.076634	-0.168619	0.053407	0.096994	-0.172493	-0.079951	-0.088074	0.081626	0.092397	-0.052710	-0.108842	0.092986	0.172064	0.030119	0.095543	0.095272	0.097561	0.087402	0.040968	-0.072065	-0.039111	-0.017138	0.010103	-0.014551	0.185796	-0.042166	0.128113	0.041790	0.070746	-0.331641	-0.014719	0.031500	-0.005162	-0.091300	-0.026268	-0.057489	0.020870	0.131511	0.066772	0.146854	-0.033363	-0.014999	-0.035547	0.139580	-0.074266	0.101931	-0.139183	-0.007268	-0.059691	-0.017639	0.099394	-0.005553	0.133977	0.122554	0.017073	0.019292	0.043250	-0.441666	-0.006187	-0.037975	0.019651	-0.067347	0.051092	0.074995	0.069763	0.112773	0.077768	0.142861	-0.092030	-0.035192	-0.068975	0.034090	0.150773	0.108087	0.095762	-0.036550	0.181935	-0.044913	-0.093079	-0.033041	-0.097849	-0.075887	-0.016623	-0.011518	-0.108370	0.982532	-0.067967	0.116249	0.112990	0.077457	0.030439	-0.014236	0.102227	-0.037937	-0.141514	-0.135862	-0.067775	0.009677	0.030438	0.020571	0.053256	0.078863	-0.065363	0.106052	-0.008231	0.240452	-0.050470	-0.210292	0.060174	-0.025125	0.055078	0.161291	-0.012588	0.004752	-0.052089	-0.022505	0.007598	-0.010345	-0.253011	0.194174	0.094590	0.063666	0.030690	-0.177815	0.039219	-0.033190	0.032111	0.095373	0.098185	-0.438570	-0.050766	0.056378	0.044849	-0.006956	-0.136168	0.160313	-0.183236	-0.000936	0.055711	0.344230	0.138219	0.042544	-0.124498	0.054324	0.028383	0.013016	-0.120906	0.095317	0.006585	-0.041149	-0.020271	-0.075925	-0.073824	0.146845	0.143824	-0.113624	-0.216751	0.103473	0.077194	0.102929	0.028656	-1.646717	0.033754	0.109896	-0.025168	-0.239414	-0.004865	-0.004011	-0.047775	-0.085504	0.225095	0.034862	0.051117	0.010974	-0.036341	-0.018963	-0.133239	-0.081323	-0.086075	0.038342	-0.117895	0.100770	-0.139836	-0.086943	0.144242
0.000000	-0.085943	0.127234	-0.023251	-0.211014	-0.022911	0.001494	0.002211	0.105504	0.052899	-1.431340	0.086363	-0.060672	-0.091336	0.216279	-0.039933	0.085899	-0.178528	0.034055	-0.019800	0.005401	-0.001107	0.233665	0.171481	0.124020	-0.256651	-0.055663	0.036776	-0.113595	-0.091745	0.024711	-0.074864	0.233558	-0.257048	0.070330	-0.875440	0.216378	0.019406	0.027117	-0.050841	0.000981	0.040987	-0.128058	0.018142	0.053960	0.085418	0.141193	0.199292	0.077508	-0.092654	0.083410	0.065192	-0.102898	0.038079	-0.092232	-0.125004	0.210333	-0.041369	0.157816	0.215238	-0.017241	0.156927	-0.066514	0.212818	0.039710	-0.125961	-0.268605	0.064918	0.017925	0.062663	0.001099	0.022293	0.035845	-0.021457	0.091807	-0.072140	-0.030887	0.151898	0.102765	-0.183970	-0.052964	-0.127972	0.013381	0.209674	-0.049776	0.104841	0.053102	-0.090871	0.136601	0.011879	0.054827	-0.105383	0.144949	-0.214743	-0.160623	0.017623	0.024387	-0.134856	-0.011255	-0.010963	-0.177973	-0.017641	-0.041047	-0.033200	-0.132845	-0.107103	0.024549	0.047016	0.103831	-0.164778	0.138136	-0.014014	-0.052297	-0.028337	-0.221249	0.121378	0.045017	-0.113494	0.026918	0.047185	-0.154893	-0.068654	-0.095069	0.159614	0.124934	-0.072306	-0.015725	0.117149	0.219817	0.030081	0.059989	0.117152	0.152787	0.052618	0.009730	-0.094637	0.012231	0.011214	-0.019191	0.029811	0.179071	-0.022587	0.134040	0.033580	0.057706	-0.289162	-0.048218	-0.019769	0.019449	-0.132684	0.018529	-0.012535	-0.051120	0.075290	0.024432	0.195095	-0.017070	-0.134445	-0.074427	0.078527	-0.019081	0.056964	-0.154441	0.020194	-0.098647	0.037443	0.088572	-0.030592	0.099297	0.103435	0.022684	0.053344	0.024094	-0.523986	0.035640	-0.056470	0.009541	-0.024546	0.022617	0.032185	0.198928	0.099522	0.058205	0.161804	-0.051457	0.018945	-0.084281	0.019995	0.073447	0.051669	0.079692	-0.070051	0.151588	-0.001558	-0.060644	-0.002161	-0.131140	-0.183402	-0.015875	-0.014981	-0.054326	0.893906	-0.064622	0.140239	0.075293	0.028642	0.030589	-0.016149	0.127842	-0.047160	-0.119565	-0.048355	-0.002225	0.012104	0.066230	0.036876	0.054650	0.128382	-0.034392	0.035242	-0.021223	0.247262	-0.077757	-0.182243	-0.008286	-0.054234	0.035805	0.031868	-0.027668	-0.040821	-0.023061	-0.000641	0.032582	0.016323	-0.147719	0.089872	0.139370	0.075541	0.013830	-0.178366	0.141248	0.002744	0.073564	0.231527	0.086747	-0.562540	-0.060576	0.114962	-0.017709	-0.045638	-0.061766	0.161036	-0.217152	-0.084731	0.033197	0.323159	0.087278	-0.021379	-0.092918	0.037573	0.077627	-0.080747	-0.102383	0.008664	0.052252	-0.054081	-0.006689	-0.056461	-0.042482	0.133741	0.111115	-0.032643	-0.132261	0.037652	0.064108	0.035638	0.090085	-1.690282	0.039705	0.162972	0.016396	-0.188495	0.068408	0.009809	0.012948	-0.010029	0.144253	0.014496	0.080357	-0.017730	-0.044057	-0.023139	-0.149762	-0.021261	0.041896	0.154115	-0.055642	0.027936	-0.221278	-0.073476	0.103885
1.000000	-0.112113	0.185293	-0.015703	-0.081993	-0.048302	0.104443	-0.029565	0.047785	0.072492	-1.365292	0.077993	-0.139331	-0.126085	0.151458	0.040537	0.063722	-0.181133	0.003195	0.040880	-0.003228	0.019519	0.323797	0.175557	0.071485	-0.223815	-0.064252	0.021391	-0.043791	-0.070192	0.067115	-0.075683	0.184924	-0.185452	0.040060	-0.866469	0.150904	-0.013761	0.008996	-0.071285	-0.003481	0.024338	-0.100604	-0.019283	0.047743	0.032627	0.041464	0.186188	0.087781	-0.119792	0.090441	0.037520	-0.149124	0.093618	-0.031792	-0.086578	0.201491	-0.050274	0.165483	0.149364	0.024803	0.138137	-0.040993	0.202338	0.067587	-0.143053	-0.268236	0.047214	0.028130	0.014432	-0.043290	0.072519	0.013742	-0.011142	0.075199	-0.053475	-0.048228	0.140033	0.134044	-0.209473	-0.086370	-0.139279	0.026237	0.134675	0.004493	0.146236	-0.028488	-0.136463	0.154854	0.006791	0.041034	-0.126097	0.193728	-0.146960	-0.182218	-0.028190	0.116774	-0.160055	-0.025675	-0.020236	-0.204573	0.013988	0.016095	-0.009657	-0.107297	-0.081428	0.004621	0.064040	0.108663	-0.137624	0.093895	0.031292	-0.098515	-0.132857	-0.276150	0.092237	0.088094	-0.090593	0.030777	0.015475	-0.174649	-0.035215	-0.049499	0.107102	0.114432	-0.006636	-0.076090	0.090259	0.157550	0.058503	0.039425	0.067626	0.128923	0.034703	0.003438	-0.067481	-0.017968	-0.019569	0.038602	-0.028029	0.145652	-0.075614	0.144410	0.054398	0.100322	-0.254515	-0.116943	0.007082	-0.005001	-0.113074	0.070274	0.053868	-0.034905	0.071425	0.005166	0.211463	-0.089108	-0.104090	-0.080052	0.121487	-0.077595	0.106111	-0.099612	-0.035747	-0.027207	-0.004961	0.113395	-0.011177	0.069366	0.118258	0.066554	0.051022	0.013844	-0.472477	0.041148	-0.027945	0.003704	-0.088272	0.067137	0.016514	0.168585	0.084966	0.061557	0.125738	-0.021907	0.073998	-0.077122	-0.026181	0.073867	0.055789	0.069048	-0.015726	0.163308	-0.011297	-0.071059	0.006219	-0.146864	-0.071882	0.000075	-0.001973	-0.040123	0.876201	-0.035251	0.024322	0.005983	0.052959	0.008512	-0.057621	0.065444	-0.039322	-0.118540	-0.025724	-0.091405	0.126343	0.016143	0.040382	0.092682	0.105368	0.023302	-0.028978	0.009467	0.210881	-0.038493	-0.192746	0.038855	-0.038485	-0.022298	0.109749	0.038429	-0.044572	-0.077673	-0.014259	0.029479	-0.004860	-0.104846	0.132015	0.183212	0.054653	0.037318	-0.175671	0.087419	-0.093607	0.057780	0.194806	0.018909	-0.504964	-0.013956	0.128139	0.042627	-0.051620	-0.109524	0.152024	-0.080141	-0.078354	0.028922	0.251885	0.045242	-0.060946	-0.166038	0.065040	0.057544	0.020571	-0.136398	0.085421	0.037679	-0.056702	-0.043035	-0.098987	0.004239	0.141395	0.070725	-0.067496	-0.147962	0.110011	0.053399	0.071348	0.103480	-1.781984	-0.030257	0.170902	0.035676	-0.195560	0.048027	-0.030867	0.029480	-0.039237	0.171042	0.037608	0.096007	-0.000007	-0.029095	0.002453	-0.134137	-0.025077	0.009956	0.062665	-0.027583	0.015082	-0.212391	-0.071304	0.084580
0.000000	-0.094146	0.102078	-0.146120	-0.130930	-0.077888	-0.002212	-0.101892	0.016231	0.067924	-1.332732	0.089427	-0.042180	-0.017063	0.090603	-0.043829	0.082899	-0.043379	0.013264	-0.044647	-0.001536	-0.052157	0.152071	0.149246	0.007138	-0.178640	-0.063249	0.024362	0.030385	0.006878	-0.102129	0.008196	0.260857	-0.111049	0.036346	-0.954583	0.047242	0.045676	0.040023	-0.038499	-0.058071	-0.034619	-0.188534	-0.100336	0.068842	0.090122	0.081142	0.160511	0.159001	-0.084371	0.102373	0.033914	-0.214650	-0.016457	-0.079806	-0.178092	0.191457	-0.054620	0.191444	0.080151	-0.029901	0.094807	-0.047985	0.149489	0.083015	-0.079140	-0.342017	0.110130	0.061773	-0.028674	-0.132775	0.069824	-0.011787	-0.049278	0.097189	0.011180	-0.050537	0.080243	0.102323	-0.092989	-0.142594	-0.086847	0.022642	0.184951	-0.005569	0.041942	0.023410	-0.172042	0.181490	0.039791	0.003018	-0.072103	0.089814	-0.186306	-0.121884	-0.049082	0.028944	-0.198166	-0.075431	-0.004475	-0.197176	0.052355	-0.044701	-0.070939	-0.008455	-0.002648	-0.063141	0.103374	0.071573	-0.143454	0.075538	-0.000969	-0.144348	-0.078459	-0.230271	0.015320	0.105891	-0.163676	0.003092	0.073541	-0.170171	-0.059378	-0.103622	0.056516	0.064379	-0.050931	-0.042959	0.058074	0.139078	0.083921	0.099454	0.080903	0.075946	0.074359	0.048976	0.009133	0.016023	0.020805	-0.035299	-0.026673	0.148480	-0.051229	0.023157	0.024760	0.188118	-0.398037	-0.031203	0.016508	-0.014769	-0.066626	-0.027707	0.142185	0.056791	0.119468	-0.018860	0.180222	-0.016528	-0.076456	-0.081581	0.034275	-0.123251	0.135372	-0.166632	-0.019670	-0.065377	-0.017227	0.124874	-0.030219	0.062972	-0.001520	0.089703	0.000946	0.077520	-0.411217	0.003530	-0.010197	0.049339	-0.054733	0.110718	0.051356	0.265958	0.104838	0.123676	0.111335	-0.000097	-0.096934	-0.020211	-0.167945	0.157057	0.101772	0.026332	-0.052435	0.183050	-0.044901	-0.110388	0.035177	-0.113593	-0.083303	0.008244	0.081092	-0.086349	0.917565	-0.052621	0.121188	0.119992	0.072138	0.041733	0.032855	0.104409	-0.079090	-0.168436	-0.125159	-0.125690	0.065170	0.088297	0.010840	0.082689	0.118266	-0.005913	0.045174	0.042166	0.261221	-0.064032	-0.175746	0.093396	-0.064623	0.015241	0.155083	0.021886	-0.028197	-0.035519	-0.017196	-0.004621	-0.035008	-0.176360	0.146710	0.086030	0.030257	0.092521	-0.099225	0.059223	-0.074320	0.019757	0.204683	0.043361	-0.451957	-0.001437	0.147864	-0.001833	-0.068826	-0.054373	0.086128	-0.130953	0.028521	0.066598	0.313339	0.072934	-0.009995	-0.060359	0.063045	0.041806	-0.000422	-0.222524	0.022052	-0.023245	-0.066473	-0.029739	-0.025856	-0.058570	0.104443	0.040155	0.002089	-0.119213	0.101308	0.092773	0.048686	0.001910	-1.847509	0.004697	0.269833	0.037034	-0.173589	0.093676	0.069420	0.001461	-0.116422	0.163324	0.122744	0.054989	0.008350	-0.039410	-0.005565	-0.159042	0.011037	-0.071034	0.103375	-0.097491	-0.008811	-0.260304	-0.111916	0.090971
0.000000	-0.089754	0.141312	-0.051110	-0.068079	-0.071283	0.002750	-0.005366	0.031459	0.044667	-1.381061	0.087925	-0.058769	-0.063421	0.127374	0.002909	0.095369	-0.092792	0.023367	-0.023382	-0.053160	-0.005495	0.202564	0.185986	-0.012537	-0.209431	-0.011988	0.032170	-0.069508	-0.031871	-0.009139	-0.030766	0.189752	-0.129830	0.038263	-0.831536	0.066518	-0.029394	0.021727	-0.068687	-0.005254	-0.007225	-0.205456	-0.080234	0.049195	0.038817	0.127045	0.120604	0.077408	-0.109697	0.096971	0.049278	-0.115738	0.045381	-0.032393	-0.106450	0.174669	-0.024673	0.161941	0.121904	-0.056242	0.106210	-0.018309	0.156445	0.091609	-0.095470	-0.338706	0.094015	0.014850	0.033521	-0.048566	0.055720	0.042117	0.012043	0.093120	-0.065487	0.022399	0.113039	0.167667	-0.175531	-0.024732	-0.106649	0.013580	0.193818	0.035551	0.090096	0.046692	-0.145154	0.152425	-0.002798	0.076881	-0.156476	0.157769	-0.197742	-0.128166	0.021701	0.034744	-0.218376	-0.001944	-0.015716	-0.185410	0.073214	-0.012177	-0.042198	-0.038706	-0.038387	-0.022226	0.067375	0.079995	-0.142109	0.085160	-0.037972	-0.111329	-0.113863	-0.208835	0.081236	0.098963	-0.118531	0.001267	0.042785	-0.189014	-0.011256	-0.081531	0.071160	0.106266	-0.009341	-0.036829	0.046403	0.068328	0.071518	0.047493	0.068779	0.141975	0.114501	-0.022959	-0.100264	-0.013064	0.003242	-0.014661	0.025435	0.194610	-0.070417	0.121676	0.036810	0.101799	-0.372937	-0.069634	0.029792	0.033746	-0.074288	-0.020452	0.068232	-0.036159	0.069798	-0.019427	0.188422	-0.029293	-0.044025	-0.055808	0.071182	-0.066213	0.066043	-0.113495	-0.046717	-0.058337	0.009796	0.140305	-0.005366	0.029245	0.085371	0.072125	0.004429	0.005798	-0.449677	-0.025890	-0.073973	0.057208	-0.084581	0.031899	0.012128	0.247239	0.099733	0.142043	0.128844	-0.075379	-0.008692	-0.026245	-0.093893	0.128178	0.078871	0.059654	-0.070492	0.116004	0.000044	-0.095603	0.000813	-0.098990	-0.107480	0.018367	-0.013300	-0.098545	0.859461	-0.070353	0.059942	0.066510	0.067503	0.047127	0.011338	0.032112	-0.074466	-0.196176	-0.075918	-0.077554	0.066223	0.049008	0.047920	0.068846	0.100817	-0.013164	0.018369	0.010720	0.265701	-0.058172	-0.197499	0.005487	0.009725	-0.057031	0.138366	-0.028496	-0.028405	0.015296	0.018587	-0.003007	-0.008906	-0.154609	0.131541	0.093860	0.084586	0.040550	-0.052001	0.120305	-0.027575	0.016327	0.239565	0.037264	-0.448189	-0.029905	0.144923	-0.008893	0.010884	-0.051753	0.117872	-0.073874	-0.068264	0.052242	0.327393	0.033147	-0.061298	-0.056836	0.034230	0.071532	-0.049898	-0.103122	0.021111	-0.000245	-0.079405	-0.001846	-0.019642	-0.043150	0.091657	0.085422	-0.066091	-0.113185	0.108199	0.124268	0.076815	0.074921	-1.755964	0.001457	0.245232	0.079537	-0.222904	-0.005501	0.038992	0.013312	-0.068225	0.158908	0.012962	0.078908	-0.073963	-0.065436	0.008498	-0.150423	-0.023339	0.004949	0.042867	-0.028252	0.063289	-0.247623	-0.088860	0.042031
0.000000	-0.100925	0.111250	-0.039147	-0.106572	-0.075882	0.019412	-0.035258	0.045877	0.025221	-1.422997	0.096709	-0.041701	-0.053380	0.177247	0.059879	0.108407	-0.070829	0.002727	-0.010422	-0.045507	0.022457	0.186978	0.109428	0.012811	-0.220979	-0.064078	0.050706	-0.084660	-0.005068	-0.016978	-0.011991	0.244273	-0.143307	0.021913	-0.897470	0.081583	-0.017055	0.015343	-0.061792	-0.007055	0.007011	-0.152361	-0.071609	0.086923	0.066233	0.084737	0.218707	0.088293	-0.058967	0.069157	0.057600	-0.132588	0.025155	-0.033058	-0.128905	0.187877	0.012287	0.204067	0.152110	-0.060886	0.105401	0.017285	0.169993	0.043195	-0.136447	-0.336981	0.076588	0.020449	0.025841	-0.055894	0.106668	0.034421	-0.009568	0.117727	-0.016686	-0.011278	0.108796	0.087569	-0.161541	-0.046241	-0.138192	-0.007104	0.207577	0.000318	0.109232	0.044554	-0.088482	0.173030	0.007284	0.070984	-0.150336	0.139311	-0.184170	-0.171983	0.038032	0.048052	-0.206271	0.018926	-0.020738	-0.236023	0.019669	-0.023207	-0.044823	-0.032741	-0.038111	-0.011155	0.148593	0.111829	-0.154568	0.083712	-0.022146	-0.100289	-0.050312	-0.198500	0.106339	0.096830	-0.092478	-0.024319	0.074722	-0.163005	-0.055948	-0.076318	0.153134	0.140592	-0.014852	-0.060608	0.077986	0.141275	0.021366	0.045980	0.062159	0.070254	0.047038	-0.020406	-0.035925	0.041212	-0.021118	-0.058920	-0.011186	0.117436	-0.085225	0.125223	0.043692	0.126379	-0.331151	-0.046163	-0.023864	0.032744	-0.080604	-0.007731	0.080328	-0.039533	0.117533	0.007777	0.149710	0.011746	-0.053272	-0.016761	0.088531	-0.071799	0.098016	-0.150966	-0.009490	-0.029322	-0.039664	0.124706	-0.058175	0.112639	0.067373	0.070918	0.040117	0.041172	-0.441347	-0.003339	-0.037980	0.026578	-0.050839	0.079666	0.039124	0.248114	0.116294	0.121614	0.127198	-0.044705	-0.056651	-0.065646	-0.118129	0.149476	0.104849	0.157473	-0.018132	0.137469	0.009682	-0.099080	-0.037658	-0.156360	-0.056757	-0.003600	0.008537	-0.102812	0.985289	-0.090377	0.106503	0.080522	0.045790	0.024249	-0.017001	0.045532	-0.022611	-0.196314	-0.108418	-0.059880	0.093876	0.019765	-0.029691	0.046360	0.062188	0.033127	-0.001763	0.019120	0.178423	-0.047812	-0.124967	0.091641	-0.009716	0.008292	0.121757	-0.035209	-0.020667	-0.033950	-0.009844	0.034095	-0.011088	-0.139648	0.091498	0.073600	0.060372	0.056884	-0.062273	0.099327	0.019013	0.022311	0.271075	0.079331	-0.503528	-0.053862	0.153084	-0.005694	-0.011380	-0.036331	0.090244	-0.076244	-0.057107	0.042942	0.341597	0.061014	-0.069757	-0.118661	0.048428	0.019364	0.014840	-0.139044	0.022286	0.038789	-0.092830	0.035055	-0.008991	-0.038851	0.127274	0.081540	-0.052260	-0.162493	0.091488	0.030922	0.038459	0.065842	-1.758116	-0.017106	0.248800	0.042498	-0.151741	0.016906	-0.017932	-0.047711	-0.072649	0.190958	0.004119	0.091214	-0.013872	-0.020979	0.022626	-0.186801	-0.008408	-0.003221	0.092477	-0.032710	0.083385	-0.188529	-0.082688	0.115157
0.000000	-0.108510	0.078016	-0.017767	-0.133551	-0.051720	0.014908	-0.040229	0.002084	0.091305	-1.438945	0.057173	-0.070106	-0.055894	0.098012	-0.024969	0.053045	-0.099303	-0.020620	-0.024096	-0.065624	0.001937	0.183031	0.147333	0.058264	-0.232963	-0.069655	0.051212	-0.037515	-0.025392	-0.052089	-0.076266	0.246234	-0.133953	0.067897	-0.929131	0.078552	-0.046190	0.010879	-0.061283	-0.045130	0.019237	-0.157763	-0.106618	0.072157	0.074316	0.111236	0.194112	0.144583	-0.099551	0.021021	0.092997	-0.153404	0.049459	-0.115747	-0.150451	0.182547	-0.006286	0.213503	0.093944	-0.003466	0.151225	-0.032399	0.177370	0.097210	-0.145271	-0.347402	0.051059	0.067163	-0.017834	-0.034485	0.119908	0.038669	0.024830	0.128158	0.001343	-0.032667	0.060870	0.143500	-0.168694	-0.136712	-0.144860	0.034651	0.185957	0.014405	0.080261	0.045089	-0.153922	0.183688	-0.005986	0.060952	-0.190732	0.138064	-0.241971	-0.175694	-0.006984	0.020609	-0.168547	-0.011726	0.044508	-0.171662	0.034622	-0.040800	-0.007303	-0.077947	-0.032201	-0.054380	0.112959	0.071465	-0.140330	0.080374	0.019633	-0.059894	-0.094172	-0.247248	0.052924	0.073740	-0.165716	0.034334	0.112489	-0.205631	-0.118163	-0.095768	0.115261	0.135178	-0.042532	-0.039201	0.055553	0.109591	0.043604	0.086527	0.145556	0.129706	0.063789	0.069823	0.005900	0.004280	0.013387	-0.037499	-0.079309	0.201237	-0.026218	0.121753	0.029718	0.141299	-0.398901	-0.050355	0.003045	-0.002948	-0.061314	-0.030622	0.033076	0.038889	0.133802	-0.014983	0.253989	0.007883	-0.097861	-0.044640	0.032170	-0.083135	0.133935	-0.135361	0.003169	-0.055227	-0.038093	0.170409	0.007288	0.114959	0.061707	0.020233	-0.010882	0.026829	-0.488299	0.004784	-0.054731	0.012603	-0.061086	0.081423	0.036696	0.209879	0.114097	0.086647	0.145094	-0.041338	-0.081949	0.000285	-0.107479	0.140006	0.085536	0.073768	-0.068223	0.248752	-0.016982	-0.088479	0.007959	-0.109584	-0.060511	0.022462	0.056435	-0.112334	0.871689	-0.071038	0.125969	0.142785	0.092739	0.048504	0.016558	0.072753	-0.062276	-0.164055	-0.115360	-0.094561	0.075333	0.052620	0.000203	0.062684	0.119106	0.026564	0.010962	0.038236	0.271684	-0.027746	-0.200393	0.041361	-0.036882	-0.058001	0.145537	0.052100	-0.034791	-0.065483	-0.006245	0.050563	-0.030973	-0.162442	0.104894	0.152613	0.050800	0.069687	-0.105193	0.061590	-0.048157	0.045443	0.197980	0.062076	-0.514243	-0.026487	0.147311	-0.021932	-0.063813	-0.142432	0.113489	-0.076934	-0.033136	-0.006265	0.354731	0.069440	-0.079146	-0.073890	0.065325	0.073906	-0.036232	-0.212345	0.046661	0.007805	-0.051854	-0.005564	-0.039773	-0.027568	0.140720	0.040745	-0.052515	-0.081222	0.110777	0.133447	0.038618	0.013918	-1.858562	0.008307	0.238917	-0.002238	-0.161725	0.034114	0.080018	0.020297	-0.064301	0.157681	0.090630	0.086696	-0.036725	-0.046160	-0.011084	-0.187852	0.006842	-0.010715	0.087783	-0.055051	0.022654	-0.234489	-0.118433	0.063082
1.000000	-0.108055	0.121735	-0.062701	-0.128312	-0.114893	-0.029520	-0.044130	0.072117	0.087187	-1.382337	0.062850	-0.068511	-0.107128	0.181875	0.065075	0.179051	-0.182428	0.047044	-0.014654	-0.074178	-0.054636	0.200675	0.109186	0.119642	-0.265871	-0.102702	-0.006810	-0.146026	-0.085375	0.033156	-0.100585	0.192713	-0.166296	0.112707	-0.826773	0.117522	-0.054186	0.063849	-0.042198	0.052084	-0.006458	-0.101515	0.011379	0.093648	0.115174	0.128303	0.178060	0.099253	-0.114081	0.054145	-0.013973	-0.066698	0.040932	0.001146	-0.067493	0.112884	-0.051150	0.138937	0.202334	-0.062665	0.098041	0.032704	0.242410	-0.030449	-0.066310	-0.319483	0.033690	0.014526	0.089905	-0.063061	0.056329	0.089047	0.010998	0.072701	-0.104968	-0.012665	0.146267	0.130062	-0.166447	-0.018467	-0.145328	-0.011574	0.177548	0.035272	0.096987	0.015104	-0.126823	0.192391	0.057597	0.068306	-0.069136	0.138939	-0.149169	-0.168284	0.031548	0.004540	-0.137542	0.028858	-0.043519	-0.155402	0.021289	0.023645	0.004400	-0.089946	-0.065332	-0.016733	0.060417	0.116212	-0.200260	0.117010	-0.055102	-0.013663	-0.078768	-0.219190	0.144076	0.049201	-0.123803	0.035181	0.108550	-0.175483	-0.081231	-0.111147	0.090502	0.052082	-0.063545	-0.042388	0.094124	0.160357	0.051960	0.063487	0.072699	0.191066	0.041288	-0.002872	-0.072141	-0.002622	0.051652	-0.045243	-0.033783	0.130124	-0.066607	0.122471	-0.012224	0.068123	-0.348438	-0.038791	0.048196	0.004548	-0.121812	-0.006025	0.090120	0.021106	0.050260	0.023029	0.198171	-0.038395	-0.086498	-0.040784	0.085896	-0.030055	0.095011	-0.157556	0.010755	-0.067116	0.036284	0.073689	-0.043293	0.101911	0.126120	0.027956	0.049175	-0.086157	-0.435203	0.061262	-0.080655	-0.018317	-0.084410	0.000671	0.077237	0.209982	0.142549	0.179198	0.122461	-0.008106	-0.026342	-0.176872	-0.114551	0.113092	0.095715	0.098859	-0.022964	0.221192	0.073747	-0.082343	-0.015462	-0.162568	-0.128932	-0.058820	0.052255	-0.048941	0.896032	-0.084688	0.069811	0.038655	0.023785	0.005372	-0.041783	0.094988	-0.017271	-0.077568	-0.078086	-0.033614	0.063799	0.029383	0.050598	0.051883	0.061087	0.004369	0.011123	0.031212	0.275709	-0.089627	-0.183800	0.048206	-0.023237	-0.008405	0.119373	-0.033063	-0.012480	-0.051118	-0.006845	-0.022285	-0.047579	-0.200749	0.137000	0.126821	0.072619	0.069598	-0.078292	0.119814	0.024468	0.001009	0.182438	0.041054	-0.512145	-0.068168	0.214179	-0.035489	-0.002461	-0.108124	0.084374	-0.173501	-0.069395	-0.044297	0.363307	0.064215	-0.080457	-0.133102	0.116115	0.081396	-0.068879	-0.099148	0.048989	0.053544	-0.064870	-0.027847	-0.072556	-0.101213	0.130676	0.059918	-0.050285	-0.220810	0.057567	0.157281	0.060416	0.077392	-1.786634	-0.025793	0.220545	0.085656	-0.212408	0.058744	0.071206	-0.029161	-0.028255	0.165310	-0.089480	0.054871	-0.003722	0.021812	0.010872	-0.158637	0.007432	0.078153	0.137363	0.090032	0.078538	-0.178782	-0.063593	0.091031
1.000000	-0.151668	0.098789	-0.030772	-0.100920	-0.078314	0.037092	-0.035453	0.029500	0.082498	-1.425034	0.036592	-0.053426	-0.072132	0.174741	0.047523	0.111594	-0.161958	0.052508	0.001203	-0.025569	-0.019883	0.211100	0.139781	0.112372	-0.226750	-0.109213	0.026307	-0.083639	-0.089116	0.024580	-0.041247	0.202726	-0.211512	0.109040	-0.835154	0.131952	-0.013996	0.088719	-0.114843	-0.040245	-0.031522	-0.075521	-0.040567	0.076821	0.089280	0.114113	0.215888	0.109702	-0.100810	0.068266	0.033301	-0.096079	0.069151	-0.057572	-0.071307	0.114328	-0.064503	0.153640	0.173672	-0.039494	0.086488	-0.011448	0.206362	-0.001857	-0.085245	-0.304086	0.090497	0.050197	0.021520	-0.067060	0.064508	0.046418	0.050959	0.063244	-0.069141	0.004546	0.112692	0.094981	-0.161990	-0.072479	-0.137313	-0.005751	0.108913	0.015766	0.133914	0.030454	-0.133277	0.153202	0.012477	0.068467	-0.100634	0.171291	-0.156830	-0.120842	0.051710	0.043613	-0.154381	0.005661	-0.020850	-0.216336	0.013616	0.051334	-0.015598	-0.065277	-0.074798	-0.017053	0.088262	0.104839	-0.181638	0.051893	-0.035659	-0.112211	-0.088326	-0.179513	0.082667	0.105769	-0.146688	0.077407	0.044776	-0.176938	-0.054590	-0.110184	0.082432	0.111440	-0.012593	-0.067536	0.106177	0.139171	0.030263	0.061347	0.079196	0.179224	0.041850	-0.011433	-0.042160	0.005738	0.002975	-0.035086	-0.011983	0.132517	-0.093242	0.121521	0.026379	0.082802	-0.352707	-0.080198	0.011824	-0.009207	-0.087502	0.036408	0.116868	0.009111	0.103270	-0.020859	0.209075	-0.058629	-0.078446	-0.031970	0.083629	-0.047659	0.093917	-0.135421	-0.030493	-0.058792	-0.032163	0.111649	-0.003453	0.097879	0.123333	0.126033	0.012754	-0.050318	-0.453093	0.092260	-0.059030	-0.018949	-0.094810	0.081166	0.015929	0.162602	0.113399	0.119742	0.125736	-0.040929	-0.005178	-0.065494	-0.056496	0.109354	0.019384	0.066473	-0.021382	0.204780	-0.032773	-0.095418	0.020625	-0.120534	-0.097237	-0.004633	-0.021442	-0.043869	0.867264	-0.110468	0.045916	0.055389	0.069157	0.036299	-0.076312	0.047698	-0.093396	-0.169766	-0.052641	-0.084929	0.074716	0.010857	0.047704	0.086321	0.096811	-0.001381	-0.008541	0.060804	0.288483	-0.061030	-0.201661	0.051835	-0.076399	-0.016909	0.130441	-0.000652	0.006180	-0.076208	0.006294	0.028281	-0.049348	-0.125265	0.218056	0.134674	0.069181	0.036065	-0.093029	0.103289	0.007120	0.033054	0.211051	0.083921	-0.591254	-0.038667	0.160506	0.028255	-0.010844	-0.127604	0.096945	-0.110792	-0.033672	-0.043955	0.297467	0.041867	-0.075464	-0.093229	0.096692	0.117336	-0.051594	-0.085405	0.103113	0.047688	-0.090132	-0.033002	-0.050956	-0.022231	0.163178	0.058025	-0.064997	-0.151066	0.044183	0.109317	0.050282	0.035710	-1.839960	-0.017774	0.196433	0.061983	-0.217214	-0.010873	0.051149	-0.047838	-0.046688	0.207727	-0.034433	0.113515	0.003879	-0.013355	-0.008012	-0.202289	-0.051357	0.069554	0.104676	0.054556	0.065886	-0.186295	-0.089053	0.051249
1.000000	-0.155515	0.175331	-0.045168	-0.107890	-0.054713	0.091659	-0.001086	0.028012	0.096691	-1.432281	0.043521	-0.021856	-0.073352	0.137395	0.006139	0.070878	-0.123849	-0.022211	-0.016631	-0.042946	0.032468	0.223122	0.158459	0.034936	-0.210699	-0.017222	0.033921	-0.054809	-0.045683	-0.011465	-0.032240	0.164575	-0.183094	0.066780	-0.966943	0.136523	-0.027896	0.051923	-0.058989	-0.005106	0.028701	-0.144145	-0.085103	0.093113	0.070162	0.116769	0.200175	0.105965	-0.070584	0.068149	0.078385	-0.132809	-0.005656	-0.105662	-0.114854	0.212979	-0.037819	0.165526	0.103918	0.008861	0.110840	-0.078109	0.171875	0.085637	-0.081783	-0.317820	0.106117	0.028824	-0.000079	-0.003893	0.079595	-0.000920	0.003304	0.112197	-0.058380	-0.023420	0.065062	0.083322	-0.132587	-0.115299	-0.121541	-0.027415	0.146160	0.004991	0.071326	0.046718	-0.138193	0.150965	0.038480	0.074107	-0.146799	0.160571	-0.228823	-0.202093	0.023958	0.019570	-0.220826	-0.055925	-0.011016	-0.326727	0.005683	0.018275	-0.065042	-0.085063	-0.081369	0.002924	0.123955	0.123816	-0.145689	0.127716	-0.041012	-0.149423	-0.062059	-0.210122	0.059007	0.105934	-0.084921	0.011724	0.025301	-0.205522	-0.101653	-0.056811	0.106784	0.084350	-0.064480	-0.065575	0.107701	0.175039	0.044065	0.028537	0.097383	0.123678	0.065731	-0.003571	-0.060375	-0.022518	-0.031324	-0.049085	-0.007287	0.199353	-0.101188	0.079788	0.046314	0.102515	-0.308391	-0.093924	0.023344	-0.002265	-0.083684	0.076899	0.088332	-0.049367	0.078837	-0.096864	0.241864	-0.022245	-0.058036	-0.060346	0.060954	-0.111953	0.088199	-0.144016	-0.033404	-0.055129	-0.008645	0.087846	-0.030592	0.121579	0.101663	0.106114	0.023269	0.044604	-0.444181	0.030906	-0.032209	-0.008339	-0.074559	0.097178	0.027477	0.235965	0.077196	0.069609	0.167159	-0.007795	0.021665	-0.042606	-0.080097	0.071144	0.063276	0.129522	-0.011271	0.169365	0.055794	-0.065875	0.028986	-0.177370	-0.037663	0.017384	0.042868	-0.071729	0.976538	-0.046043	0.071052	0.014603	0.080162	0.017744	-0.040766	0.099081	-0.039912	-0.183842	-0.060172	-0.073978	0.094628	0.039246	-0.013084	0.072596	0.080771	0.046097	-0.046004	-0.012149	0.186210	-0.041432	-0.207018	0.026224	-0.032336	0.000190	0.117474	0.006337	-0.010002	0.004630	0.011766	0.037555	-0.004885	-0.195672	0.104186	0.102783	0.043201	0.043463	-0.088691	0.112524	-0.041897	0.085164	0.249309	0.099224	-0.533207	-0.073020	0.089828	0.027548	-0.093635	-0.046980	0.091767	-0.118660	-0.099036	-0.001262	0.257378	0.063800	-0.033604	-0.119352	0.067186	0.070695	0.035331	-0.120593	0.053088	0.023372	-0.061501	-0.021832	-0.029100	-0.034167	0.147141	0.091779	-0.043471	-0.123536	0.125706	0.068642	0.025188	0.033516	-1.920856	0.015938	0.219081	0.044291	-0.185732	0.018701	0.042434	0.023229	-0.056614	0.134294	-0.060917	0.078536	-0.064926	-0.062573	-0.008881	-0.184430	-0.040011	0.019443	0.128280	0.010054	0.052252	-0.228951	-0.099703	0.046084
0.000000	-0.084189	0.149148	-0.040125	-0.095271	-0.043733	0.005328	-0.017661	0.055331	0.050338	-1.420852	0.051715	-0.047960	-0.088923	0.152070	0.010714	0.086818	-0.146043	0.012798	-0.006888	-0.011010	0.013943	0.238805	0.169737	0.052571	-0.233750	-0.047884	0.032953	-0.093226	-0.060176	-0.012812	-0.050010	0.237709	-0.188196	0.007340	-0.876466	0.111566	-0.026865	0.043318	-0.062880	0.001265	-0.003741	-0.184953	-0.054350	0.034782	0.089132	0.088566	0.185591	0.116728	-0.090287	0.080386	0.088433	-0.133488	0.037194	-0.045985	-0.152093	0.171088	-0.019841	0.169027	0.139463	0.007170	0.134291	-0.045076	0.178170	0.077097	-0.085369	-0.301636	0.076326	0.025240	0.036783	-0.029825	0.085756	0.045983	0.003447	0.103681	-0.032451	-0.005352	0.128551	0.115279	-0.187132	-0.051189	-0.115628	-0.016164	0.212330	-0.001184	0.102158	0.031112	-0.151818	0.167969	0.007726	0.073931	-0.109327	0.161950	-0.179840	-0.151378	0.007760	0.048368	-0.217606	-0.003638	-0.025298	-0.197298	0.014467	-0.018791	-0.031761	-0.134792	-0.086652	-0.013400	0.095904	0.101087	-0.193195	0.093862	-0.027750	-0.102001	-0.092980	-0.241722	0.099129	0.097565	-0.122835	0.040433	0.045570	-0.185256	-0.083593	-0.139582	0.090410	0.142034	-0.044371	-0.054373	0.069089	0.141350	0.043754	0.096743	0.094235	0.152684	0.076542	0.039356	-0.073848	0.000503	-0.019875	-0.015599	-0.020172	0.193431	-0.057693	0.112344	0.033545	0.108644	-0.326396	-0.055627	0.011020	-0.015884	-0.065774	-0.012465	0.016915	-0.031400	0.071413	-0.013503	0.170233	-0.007488	-0.055180	-0.066052	0.076621	-0.085858	0.089411	-0.146325	-0.026645	-0.064755	0.019774	0.086365	-0.003936	0.124583	0.065654	0.047301	0.012891	0.040921	-0.465694	0.027832	-0.007505	-0.037172	-0.055870	0.078438	0.045781	0.189571	0.110212	0.084619	0.149516	-0.045137	-0.002439	-0.095822	-0.013436	0.101663	0.074637	0.088516	-0.035247	0.152073	0.001299	-0.083659	0.035442	-0.128491	-0.069448	0.008705	0.040736	-0.072629	0.887943	-0.082167	0.077545	0.066569	0.052158	0.062978	0.007930	0.092183	-0.039371	-0.172140	-0.088568	-0.057829	0.039951	0.043931	0.025230	0.044501	0.118872	-0.009015	-0.000180	0.034213	0.211879	-0.055854	-0.169969	0.012940	-0.016791	0.009156	0.102762	0.008682	-0.008919	-0.054568	0.014463	0.036143	-0.032444	-0.151076	0.113668	0.145748	0.057157	0.051872	-0.145301	0.068588	-0.041700	0.038711	0.232346	0.061788	-0.551270	-0.035887	0.160178	0.000711	-0.020032	-0.091174	0.113427	-0.127448	-0.039173	0.001060	0.286754	0.068906	-0.066651	-0.110163	0.034285	0.052486	-0.008712	-0.140200	0.039668	0.001268	-0.045079	-0.002762	-0.072519	-0.054165	0.091941	0.091996	-0.059333	-0.127596	0.093459	0.116015	0.004446	0.068175	-1.769067	-0.023786	0.158786	-0.002344	-0.189580	0.028774	0.037530	0.005397	-0.044094	0.178092	0.021679	0.041621	-0.021465	-0.068765	-0.008090	-0.176617	-0.001501	0.027219	0.082192	-0.046425	0.040356	-0.230241	-0.075132	0.042368
1.000000	-0.124454	0.089178	-0.079960	-0.111503	-0.059719	0.006619	-0.006214	0.081751	0.042146	-1.579020	0.066447	-0.020417	-0.041172	0.173992	0.056835	0.067840	-0.191386	0.040179	-0.003736	-0.079210	0.002084	0.240340	0.130376	0.117072	-0.213333	-0.016258	0.034907	-0.172947	-0.026856	0.052964	-0.006371	0.226413	-0.190383	0.015281	-0.828922	0.117432	-0.048274	0.032815	-0.047291	0.090111	-0.021231	-0.108514	-0.024248	0.038384	0.053322	0.062097	0.159505	0.078567	-0.116738	0.063593	0.040906	-0.149507	0.040584	0.002038	-0.128370	0.164597	0.002662	0.162157	0.156157	-0.032603	0.095349	0.010710	0.156186	0.028825	-0.075153	-0.271548	0.048379	-0.013342	0.040223	0.003344	0.013337	0.001193	-0.003083	0.116310	-0.026068	-0.027965	0.116130	0.129736	-0.155311	-0.014484	-0.154977	0.003431	0.207728	-0.044652	0.143208	0.048719	-0.147130	0.210657	0.041161	0.065352	-0.148317	0.177129	-0.204240	-0.207613	-0.005768	0.011355	-0.222341	0.041421	-0.000588	-0.264362	0.027484	-0.029619	-0.054131	-0.091176	-0.004427	0.023815	0.120890	0.082139	-0.138887	0.134515	-0.054344	-0.137256	-0.128272	-0.246886	0.184680	0.081671	-0.052715	-0.023221	0.045718	-0.159249	-0.021568	-0.088095	0.084745	0.106888	-0.001107	-0.046798	0.168304	0.215495	0.100522	0.029363	0.092638	0.100064	0.012769	-0.019710	-0.045779	0.031489	-0.045058	-0.041046	-0.003909	0.204691	-0.095818	0.123068	0.013073	0.113640	-0.395499	-0.078367	0.040337	0.062239	-0.107366	0.033962	0.051800	-0.096816	0.069460	-0.036386	0.222784	0.033330	-0.113565	-0.049355	0.039421	-0.021668	0.062370	-0.145823	-0.039304	-0.049281	0.030106	0.086827	-0.045337	0.113851	0.099236	0.101875	0.059852	0.041874	-0.484842	0.025775	0.012491	-0.032673	-0.134874	0.072878	0.088078	0.207355	0.091487	0.088281	0.117094	-0.023771	-0.016143	-0.124873	-0.137230	0.154330	0.047334	0.127311	-0.056451	0.107098	0.070347	-0.052876	0.015976	-0.158877	-0.091396	-0.046627	0.021848	-0.131559	0.923474	-0.066462	0.032525	-0.002969	0.065528	0.057112	-0.023996	0.056142	-0.054525	-0.151262	-0.108236	-0.055967	0.117368	0.013940	0.009727	0.040977	0.059916	0.046796	0.003033	0.017955	0.181506	-0.097262	-0.178496	0.082879	0.017181	0.029352	0.143417	0.038042	-0.029838	-0.051517	0.023699	-0.001675	-0.058333	-0.131799	0.075017	0.130474	0.068167	-0.006355	-0.073470	0.119967	0.039417	0.037864	0.221857	0.080042	-0.494134	-0.047728	0.200841	-0.001996	-0.023882	-0.043524	0.063713	-0.130617	-0.109125	0.014274	0.335314	0.018206	-0.054412	-0.087299	0.104180	0.019836	-0.017311	-0.122085	0.031143	0.058187	-0.100901	-0.003137	-0.025891	-0.066051	0.180189	0.067541	0.019224	-0.169949	0.098397	0.084367	-0.002686	0.075257	-1.791686	-0.026117	0.323444	0.052188	-0.157791	0.023369	0.029369	-0.027594	-0.053780	0.135225	-0.040322	0.045515	-0.036298	-0.030693	0.019628	-0.210277	-0.008627	0.110251	0.122824	0.052523	0.051643	-0.239274	-0.049966	0.079657
1.000000	-0.144361	0.168682	-0.000866	-0.048979	-0.028708	0.066663	-0.055967	0.041700	0.097009	-1.409757	0.042883	-0.110680	-0.110402	0.123159	0.023285	0.021181	-0.149545	-0.001228	-0.012357	-0.038586	0.017325	0.209517	0.191684	0.086986	-0.187951	0.002009	0.062022	-0.096981	-0.121960	-0.014013	0.059330	0.157995	-0.135353	0.067295	-0.919222	0.089615	0.014791	0.039727	-0.099052	-0.036328	0.008314	-0.120125	-0.095981	0.090992	0.023667	0.082842	0.179262	0.111965	-0.065869	0.057244	0.072825	-0.154534	0.041964	-0.088151	-0.092636	0.225663	-0.035027	0.218442	0.134214	-0.008264	0.127686	-0.080280	0.179629	0.000107	-0.059956	-0.312181	0.135985	0.022310	-0.025847	-0.007650	0.035344	0.047326	0.029931	0.102030	0.007334	-0.021342	0.091179	0.129253	-0.117720	-0.038352	-0.140563	-0.005152	0.135853	0.022300	0.107990	0.032204	-0.175676	0.109618	0.046727	0.067371	-0.130840	0.137683	-0.133189	-0.172290	-0.039609	0.033104	-0.180635	0.006645	-0.020783	-0.265735	0.034471	-0.000114	-0.020846	-0.016587	-0.064937	0.015433	0.118559	0.083196	-0.152472	0.096251	0.005096	-0.169792	-0.099942	-0.210037	0.093417	0.096471	-0.082637	-0.007580	0.023688	-0.166383	-0.105194	-0.096912	0.092916	0.071660	-0.028429	-0.012453	0.141043	0.165576	0.026452	0.055742	0.126492	0.148832	0.079420	-0.038159	-0.046049	-0.011291	-0.025882	-0.015277	-0.008825	0.173238	-0.094820	0.072514	0.029843	0.050147	-0.313256	-0.073491	-0.007981	-0.000425	-0.125854	0.060837	0.099835	-0.008564	0.133626	0.001648	0.256683	-0.032211	-0.061587	-0.055281	-0.003716	-0.105750	0.114893	-0.151502	-0.016997	-0.075324	0.007830	0.157435	-0.021317	0.054146	0.018867	0.097217	0.006949	0.038407	-0.497851	0.009512	-0.035529	0.006542	-0.151447	0.071463	-0.022742	0.276276	0.053839	0.103753	0.114394	-0.029400	0.008172	0.035645	-0.064454	0.077063	-0.025842	0.067430	-0.073003	0.209123	0.015218	-0.064618	-0.010119	-0.141508	-0.069439	0.046239	0.012226	-0.089259	0.865939	-0.067206	0.016778	0.051388	0.094483	0.070175	-0.075742	0.049491	-0.047384	-0.194138	-0.034282	-0.105556	0.102483	0.017181	0.029582	0.088320	0.053767	0.075779	-0.003001	0.035944	0.287438	-0.066334	-0.226627	0.047660	-0.054355	-0.002094	0.124919	0.019498	0.011991	-0.042971	-0.051196	0.039349	0.064699	-0.109953	0.170319	0.146038	0.054335	0.034481	-0.082629	0.077399	-0.063373	0.054259	0.252010	0.035896	-0.566314	-0.052872	0.132118	0.021534	-0.029536	-0.041063	0.116354	-0.089052	-0.040288	0.063078	0.203246	0.065719	-0.089792	-0.097640	0.041723	0.099128	-0.041936	-0.101128	0.117103	0.016083	-0.082201	-0.030212	-0.052009	-0.089248	0.194745	0.009543	-0.018420	-0.090605	0.065456	0.102461	0.047605	0.069563	-1.864232	-0.009867	0.298020	0.029705	-0.167948	-0.017711	0.016638	0.063758	-0.045804	0.103197	0.050897	0.045409	-0.038973	-0.050926	0.001611	-0.156545	-0.005805	0.026939	0.049096	0.037907	-0.014712	-0.212002	-0.099161	0.026865
